ci,mail,nombre,segundoNombre,apellido,segundoApellido,region,nroCargo,institucionalDSC,DptoAcademico
8429064,mundodin@adinet.com.uy,Raimundo,Angel,Dinello,Penino,,555762,"T/C Área Ciencias Educación",
9452248,fesu@adinet.com.uy,Florencio,Carlos,Ferres,Rial,,555233,Tecnicatura,
9468079,estefre@adinet.com.uy,Freddy,Duvimioso,Hernandez,Terra,,555410,"T/C Área Técnico Profesional",
12264456,ernestofilippi@gmail.com,ERNESTO,,FILIPPI,CAVANI,,555589,Tecnicatura,
12285296,clerro44@hotmail.com,Cléber,Antonio,Rodríguez,Cataldo,,555815,"T/C Área Técnico Profesional",
12446327,scaballero1952@gmail.com,JACINTO,SANTIAGO,CABALLERO,CASAS,,555236,Dirección,
12581393,nancy.st37@gmail.com,Nancy,Esther,Salvá,Tosi,,555888,"T/C Área Ciencias Educación",
12583329,adrianasuburu@adinet.com.uy,Adriana,,SUBURU,,,550687,"Nivel Nacional",
12600999,bearesm@adinet.com.uy,MERCEDES,,BEARES,GOMEZ,,550903,Licenciatura,
13111624,eduardo.martinez293@gmail.com,Eduardo,Luis,Martínez,Gonzalez,,555466,"T/C Área Ciencias Educación",
13264510,cristinaciel@gmail.com,Lourdes,Cristina,"Maciel de Oliveira",Mussini,,555635,"T/C Área Ciencias Educación",
13277377,marifran01@gmail.com,MARIA,INES,FRANCIA,VILLAR,,550920,Tecnicatura,
13659468,nudelman.lila@gmail.com,Lila,,Nudelman,Blejwas,,555804,T/Opcional,
14606321,loreley.conde@gmail.com,Loreley,,Conde,Gómez,,555245,"Centro Montevideo",
14642678,britoshoracio@gmail.com,MILTON,HORACIO,BRITOS,BORREANI,,555025,Tecnicatura,
15259826,jlcorrearocha@gmail.com,JOSE,LUIS,CORREA,ROCHA,,555165,"T/C Área Técnico Profesional",
16700945,hna@internet.com.uy,HECTOR,NICOLAS,ACUÑA,REYES,,555062,Licenciatura,
17100706,bouzaruben7@gmail.com,Ruben,Antonio,Bouza,González,,555464,"T/C Área Ciencias Educación",
17259561,mikos@adinet.com.uy,Miguel,Antonio,Kosec,Chizmich,,555570,"T/C Área Técnico Profesional",
17288550,malandaelgaucho@gmail.com,Mario,Javier,Piñeiro,Luque,,555436,"Depto de Ed. Física, Tiempo libre y Ocio",
17359977,opizzogustavo@hotmail.com,GUSTAVO,GABRIEL,OPIZZO,BENITEZ,,555909,"T/C Área Ciencias Educación",
17433587,danzachi0811@gmail.com,ISABEL,,"DE MELLO",CONDE,,555316,"T/C Área Técnico Profesional",
17434876,enece61@gmail.com,Nelson,Ricardo,Clavera,Fojo,,555014,Guardavidas,
17479715,tiempodetango@hotmail.com,Larissa,Emilia,Russo,Gemi,,555299,"T/C Área Técnico Profesional",
17640720,ankaty@adinet.com.uy,Ana,Karina,Acuña,Fiori,,555478,"Centro Maldonado",
17658515,tititrejo@hotmail.com,ALEJANDRO,,TREJO,SILVA,,555308,"T/C Área Técnico Profesional",
17847631,anitentorron@gmail.com,Ana,,Torrón,Preobrayensky,,555243,"Centro Montevideo",
17857703,aaguilarvilche@gmail.com,CLAVER,ALEJANDRA,AGUILAR,VILCHE,,555890,"T/C Área Ciencias Educación",
18238647,virogo72@hotmail.com,Virginia,,Rodrìguez,Gonzalez,,555816,"T/C Área Técnico Profesional",
18301125,profeboyaro@yahoo.com,Milton,Fabián,Boyaro,Castro,,555701,"T/C Área Ciencias Biológicas",
18451417,silvia.lavarello@gmail.com,Silvia,Andrea,Lavarello,Carreras,,555621,Tecnicatura,
18554217,oliviaperi@gmail.com,Ana,Carolina,Peri,Hada,,555051,"T/C Área Ciencias Educación",
18962533,mardamonte2009@hotmail.com,Marcelo,Enrique,Damonte,Luzi,,555352,"T/C Área Ciencias Educación",
19078862,karinarafto@gmail.com,Karina,Raquel,Raftópulos,Ortíz,,555480,"Depto de Ed. Física, Tiempo libre y Ocio",
19172440,mateoarbiza@hotmail.com,Mateo,Federico,Arbiza,Marquez,,555753,"T/C Área Ciencias Biológicas",
19239448,pazinola@yahoo.com,PABLO,JAVIER,ZINOLA,DIEZ,,555170,"T/C Área Ciencias Educación",
19504235,marco.coach@hotmail.com,MARCO,ANTONIO,QUIÑONES,MONTORO,,555325,"T/C Área Técnico Profesional",
19546815,elperona@adinet.com.uy,Sebastián,,Perona,González,,555438,"T/C Área Técnico Profesional",
19742017,nicgeor@adinet.com.uy,ANDREA,CECILIA,IGLESIAS,SARAVIA,,555928,"T/C Área Ciencias Educación",
19830676,aninha@adinet.com.uy,Ana,María,Godoy,Sanchez,,555588,"T/C Área Técnico Profesional",
19841849,wjones@fisica.edu.uy,WASHINGTON,WILLIAM,JONES,GRINBERG,,555155,"T/C Área Ciencias Biológicas",
19943479,valeriavenditto@hotmail.com,VALERIA,,VENDITTO,MARTIN,,555250,"T/C Área Técnico Profesional",
20130762,viqui77@hotmail.com,VIRGINIA,,ALONSO,SOSA,,555163,"T/C Área Técnico Profesional",
20195566,cmanzino.udelar@gmail.com,Carla,,Manzino,Rebuffo,,555756,"T/C Área Técnico Profesional",
25054585,robertico47@hotmail.com,Yhon,Robert,Alvarez,Bonfrisco,,555828,"T/C Área Ciencias Biológicas",
25299371,nacha2626@hotmail.com,Nancy,Yanel,Barrios,Hernández,,555891,"T/C Área Ciencias Educación",
25547738,isabelpastorino@gmail.com,María,Isabel,Pastorino,Rodríguez,,555730,"T/C Área Ciencias Educación",
25951296,tripaldi.aldo@gmail.com,ALDO,GONZALO,TRIPALDI,SANCHEZ,,555137,"T/C Área Ciencias Biológicas",
25983265,marevillarreal@hotmail.com,Marta,Elena,Villarreal,Gavirondo,,555008,"T/C Área Ciencias Biológicas",
26021961,alichappa@gmail.com,Alicia,Graciela,Romero,Jliakin,,555091,"T/C Área Ciencias Educación",
26128836,profepinocho@hotmail.com,ALVARO,DANIEL,CAPPUCCIO,DIAZ,,555069,"T/C Área Técnico Profesional",
26202941,tulioperalta@hotmail.com,Tulio,Jose,PERALTA,BACCI,,555249,"T/C Área Ciencias Biológicas",
26366260,silvia.grattarola@gmail.com,SILVIA,MARÍA,GRATTAROLA,ADINOLFI,,555173,"T/C Área Ciencias Educación",
26435526,lauralvti@hotmail.com,MARIA,LAURITA,ALVAREZ,TITO,,555412,"Bloque Formación Específica",
27026031,anagros4@gmail.com,Ana,Elena,Gros,Dante,,555719,"T/C Área Ciencias Educación",
27162932,jrettich@gmail.com,Jorge,Gustavo,Rettich,Martinez,,555463,"T/C Área Ciencias Educación",
27259014,vickylarg@yahoo.es,Virginia,,Lopez,Argenta,,555572,"T/C Área Técnico Profesional",
27560813,fercaro@adinet.com.uy,Fernando,Darío,Curutchet,Godoy,,555144,"Bloque Formación Específica",
27622112,javiernoble@gmail.com,JAVIER,,NOBLE,GUARDIA,,555384,"T/C Área Ciencias Educación",
27652666,laumarmo@adinet.com.uy,ANA,LAURA,MARMO,FIGUEREDO,,555005,ISEF,
27820077,ineschiri@gmail.com,INES,ALEXANDRA,CHIRIGLIANO,PERA,,555045,"T/C Área Técnico Profesional",
27849160,vicbenisef@hotmail.com,VICTOR,JAVIER,BENTANCOR,MARTINEZ,,555323,"Bloque de Formación Específica",
27855593,bmora80@gmail.com,BRUNO,,MORA,PEREYRA,,555349,"Nivel Nacional",
27908699,geyo10@hotmail.com,GERMAINE,,"DE JOAN",PIÑA,,555292,"T/C Área Técnico Profesional",
28016885,mafabiana.luna@gmail.com,MARIA,FABIANA,LUNA,ILLESCAS,,555006,"T/C Área Ciencias Educación",
28741991,tincho977@hotmail.com,Martin,Ignacio,Acosta,Larrosa,,555306,"T/C Área Técnico Profesional",
28833540,decluke@gmail.com,DANIEL,EDUARDO,COPPETTI,RODRIGUEZ,,555373,"T/C Área Técnico Profesional",
28910419,luisasa@adinet.com.uy,Luis,Alberto,Berrutti,García,,555802,"T/C Área Técnico Profesional",
29258608,lic.marionunez@gmail.com,Mario,Raúl,Nuñez,Pérez,,555397,"T/C Área Ciencias Educación",
29286007,barebor@gmail.com,Albert,Fabian,"De Freitas",Baston,,550901,ISEF,
29494959,mariapa78@gmail.com,MARIA,,PEDRAGOSA,ALBERTI,,555136,Guardavidas,
29519452,sebaisef27@hotmail.com,SEBASTIAN,RICARDO,ARIAS,MALVAREZ,,555186,"T/C Área Técnico Profesional",
29564366,lauravl00@gmail.com,MARIA,LAURA,"VALLE LISBOA",ASURABARRENA,,555357,"T/C Área Técnico Profesional",
29733737,jorgegiordano@hotmail.com,Jorge,Antonio,Giordano,Moreno,,555700,"T/C Área Técnico Profesional",
29817472,ulula07@hotmail.com,CARMEN,BEATRIZ,RODRIGUEZ,IBAÑEZ,,555064,"T/C Área Ciencias Educación",
29935585,snorbis2012@hotmail.com,Sandra,Edith,Norbis,Burger,,555475,"Depto de Ed. Física y Deporte",
29949590,fedealcalarubi@gmail.com,FEDERICO,,"ALCALA RUBI",GANDINI,,555116,Guardavidas,
29955666,pedropohoski@hotmail.com,Pedro,Ignacio,Pohoski,Ortiz,,555634,"T/C Área Ciencias Educación",
29960205,acdm@adinet.com.uy,Adriana,Cecilia,Demichelis,Mareque,,555527,"T/C Área Ciencias Educación",
30051570,sadja27@gmail.com,MARIA,GABRIELA,GOÑI,MAZZITELLI,,555456,"Unidad de Proyectos, Convenios y Cooperación",
30326646,jiestevez76@gmail.com,José,Ignacio,Estevez,Rippa,,555448,"Centro Paysandú",
30601919,andresparodi2005@yahoo.com,Andres,Santiago,Parodi,Feye,,555217,"T/C Área Ciencias Biológicas",
30774130,raumarrg@gmail.com,Raumar,Aredis,Rodríguez,Gimenez,,556001,"Centro Montevideo",
30833631,dinopla@hotmail.com,Dinorah,Cecilia,Plada,Delgado,,555758,"T/C Área Ciencias Biológicas",
30881412,paty.uy@hotmail.com,Patricia,Liliana,Rodríguez,García,,550970,Licenciatura,
31097997,angycler@hotmail.com,CLERIS,GLADYS,BONILLA,GODOY,,555050,"T/C Área Ciencias Educación",
31170484,rosariodurante@adinet.com.uy,ROSARIO,ROCIO,DURANTE,FONTANA,,555380,"T/C Área Ciencias Biológicas",
31176290,locamo76@gmail.com,LORENA,,CABRERA,MOTTA,,555468,"T/C Área Ciencias Educación",
31191832,ligia1234@gmail.com,LIGIA,MARIA,NUÑEZ,VALVERDE,,555065,"T/C Área Técnico Profesional",
31196531,sierranicolas@gmail.com,NICOLAS,ANDRES,SIERRA,BALZANI,,555303,"T/C Área Ciencias Educación",
31221786,crdamico@gmail.com,Carlos,Rafael,DAMICO,Menta,,555126,Tecnicatura,
31390133,wariel8@hotmail.com,Walter,Ariel,Bobadilla,Silvera,,555087,"T/C Área Ciencias Educación",
31759737,garciamclara@gmail.com,MARIA,CLARA,GARCIA,OLASO,,555240,"T/C Área Técnico Profesional",
31768742,ghb.uru@gmail.com,Huber,Gustavo,Hernández,Bidondo,,555889,"T/C Área Técnico Profesional",
31793519,sandragaraza@hotmail.com,SANDRA,ELIZABETH,GARAZA,EGUIA,,555092,"T/C Área Técnico Profesional",
31958260,atlebarrios@gmail.com,Andres,Manuel,Barrios,Lopez,,555766,"T/C Área Técnico Profesional",
32130154,stella.arrospide@gmail.com,Stella,Mary,Arrospide,Ribolla,,555001,T/Opcional,
32324690,marbas_18@hotmail.com,MARCOS,ALBERTO,BASSINI,SILVA,,555254,"T/C Área Ciencias Biológicas",
32399889,martineduardopintos@gmail.com,Martín,Eduardo,Pintos,Nievas,,555631,"T/C Área Técnico Profesional",
32504795,javisalvop@gmail.com,JAVIER,AGUSTIN,SALVO,PICCININNO,,555226,"T/C Área Técnico Profesional",
32754067,juancitoberta@gmail.com,Juan,Antonio,Berta,Quintana,,555396,"T/C Área Técnico Profesional",
32788385,elisaara@adinet.com.uy,Elisa,Natalia,Araújo,"Da Silva",,555421,"T/C Área Ciencias Educación",
32899221,julio-acosta-pay@hotmail.com,Julio,César,Acosta,,,555805,"T/C Área Técnico Profesional",
32958330,lecuonadaniela@gmail.com,DANIELA,,LECUONA,MARTINEZ,,555355,"T/C Área Ciencias Biológicas",
32968565,alvarolopezsobral@gmail.com,ALVARO,,LOPEZ,SOBRAL,,555326,"T/C Área Técnico Profesional",
32984151,rigodefre@gmail.com,RICHARD,,"GOMEZ DE FREITAS",BOGGIO,,551202,"Centro Paysandú",
33015129,elpobremarino@yahoo.com,Gonzalo,,Pérez,Monkas,,555450,"Centro Montevideo",
33312480,cabrerayoa@hotmail.com,Yohanna,,Cabrera,Bassadone,,555511,"T/C Área Ciencias Biológicas",
33420192,adrianamasalles@gmail.com,ADRIANA,BEATRIZ,MASALLES,LUCIANO,,555493,"Centro Paysandú",
33493929,karenkuhlsen@hotmail.com,Karen,Alyson,Kuhlsen,Beca,,555449,"Centro Montevideo",
33539999,martinr@montevideo.com.uy,MARTIN,,RIBEIRO,PERDOMO,,555474,"Unidad de Comunicaciones",
33779280,vama@adinet.com.uy,MARIA,VALERIA,MANZINO,SIRI,,555372,"T/C Área Ciencias Educación",
33895947,edgaramaral2009@hotmail.com,Victor,Edgar,Amaral,Martinez,,555457,"Depto de Ed. Física y Deporte",
34345216,cachi_ef@hotmail.com,Maria,Emilia,Bulanti,"Del Pino",,555131,"T/C Área Técnico Profesional",
34526218,ivanadeorta@gmail.com,IVANA,SOLEDAD,DEORTA,DUARTE,,555376,"T/C Área Ciencias Educación",
34543228,futmario03@hotmail.com,Mario,Dario,Cáceres,Silva,,555778,"T/C Área Técnico Profesional",
34990956,eduardopagola@hotmail.com,Eduardo,Alberto,Pagola,Simois,,555135,"T/C Área Ciencias Educación",
35742401,mirta.ascue@gmail.com,MIRTA,ELIZABETH,ASCUE,MARTINEZ,,555054,"T/C Área Ciencias Educación",
35801457,alebla1969@gmail.com,Alejandra,Fulgencia,Blanco,Romero,,555539,"T/C Área Ciencias Educación",
35912218,4patos@hotmail.es,DANIELA,VALERIA,FERNANDEZ,BOGHTCHUMIAN,,555207,"Área Técnico Adminatrativa",
36348997,spaezalonso@hotmail.com,SILVINA,,PAEZ,ALONSO,,555375,"T/C Área Ciencias Educación",
36419201,ladoce2006@gmail.com,GUILLERMO,GASTÓN,ARIAS,LAURINO,,555504,"Centro Paysandú",
36459338,maurivenegas@gmail.com,MAURICIO,,VENEGAS,BORDE,,555200,"T/C Área Ciencias Educación",
36527189,yanice.santo@gmail.com,Yanice,Noemi,Santo,Lucero,,555531,"T/C Área Ciencias Educación",
36530162,lorevenert@hotmail.com,PAULA,"NELIDA LORENA",VENER,TOULIER,,555037,"T/C Área Técnico Profesional",
36564139,lulafabra@hotmail.com,Lucía,,Fabra,Facal,,555900,"T/C Área Técnico Profesional",
36631914,rfchumino@adinet.com.uy,Ramiro,Fernando,Chumino,Baroli,,555721,"T/C Área Técnico Profesional",
36643501,walterhugomorales@hotmail.com,WALTER,HUGO,MORALES,ACUÑA,,555415,"Depto de Ed. Física y Deporte",
36662252,profcabi@gmail.com,Washington,Marcelo,Cabillón,Castro,,555728,"T/C Área Ciencias Biológicas",
36729040,sebasgeymo@gmail.com,SEBASTIAN,ESTEBAN,GEYMONAT,BAPTISTA,,555044,Guardavidas,
36766551,nachosara4@yahoo.es,Juan,Ignacio,Saralegui,García,,555727,"T/C Área Técnico Profesional",
36793780,volcanoryder@yahoo.com,Hugo,Marcelo,Artía,Rodriguez,,555632,"T/C Área Técnico Profesional",
36891574,mmalcon13@gmail.com,Maria,Eugenia,Malcon,Olivera,,555220,"T/C Área Técnico Profesional",
37101568,rogersilva@adinet.com.uy,Roger,Darío,Silva,Jliakin,,550882,"Centro Paysandú",
37122609,maorlug@adinet.com.uy,Marcela,,Oroño,Lugano,,555419,"T/C Área Ciencias Educación",
37129817,jessile.silva3@gmail.com,JESSILE,ALEXANDRA,SILVA,JLIANKIN,,550881,"Centro Paysandú",
37136987,mileuaventura@yahoo.com,Rogelio,Leandro,Fernández,Echevarria,,555749,"T/C Área Técnico Profesional",
37309144,mariegall@hotmail.com,María,Elena,Gallaztegui,Darraido,,555426,"T/C Área Ciencias Educación",
37360613,liberbenitez.86@gmail.com,LIBER,NICOLAS,BENITEZ,GONZALEZ,,555350,"T/C Área Ciencias Educación",
37440603,paulamalan@gmail.com,PAULA,,MALAN,MOREIRA,,555460,"Centro Montevideo",
37543055,monica_ruga@hotmail.com,MONICA,BEATRIZ,RUGA,WILKINS,,555356,"T/C Área Técnico Profesional",
37708518,leonardotejera4@yahoo.com.ar,Walder,Leonardo,Tejera,Torres,,555822,"T/C Área Ciencias Educación",
37748485,maynumby15@hotmail.com,Adriana,Beatriz,Oleschuk,Carrea,,555725,"T/C Área Ciencias Biológicas",
37757042,luzfrang@hotmail.com,Luz,"del Carmen",Franggi,Gonzalez,,555301,"T/C Área Ciencias Educación",
37881538,fabacoie@hotmail.com,Fabricio,,Rodriguez,Ramirez,,555772,"T/C Área Ciencias Educación",
38001959,pcharruas@gmail.conm,PABLO,ERNESTO,MENDES,TRINCHITELLA,,555032,"T/C Área Ciencias Educación",
38100270,ismaelcabo@hotmail.com,LIBER,ISMAEL,CARDOZO,GILES,,555469,"Depto de Ed. Física y Prácticas Corporales",
38292998,vmsebickj@hotmail.com,VICTOR,MANUEL,SEBICK,JARA,,555022,"T/C Área Técnico Profesional",
38626753,patrial04@hotmail.com,Patricia,Raquel,Alvarez,Vitette,,555491,"Centro Paysandú",
39094238,saredox@hotmail.com,FEDERICO,ANDRES,SAREDO,GONZALEZ,,555374,"T/C Área Ciencias Educación",
39143560,nicosrb@gmail.com,NICOLÁS,,RIVAROLA,BESENZONI,,555172,"T/C Área Técnico Profesional",
39578056,matiasisef2013@hotmail.com,MATIAS,,BARTOLOZZI,NUÑEZ,,555298,"T/C Área Técnico Profesional",
39627968,mpiafletcher@gmail.com,MARIA,PIA,FLETCHER,TRUJULLO,,555290,"T/C Área Técnico Profesional",
39733337,fallende.diazrobles@gmail.com,FERNANDO,ADRIAN,ALLENDE,"DIAZ ROBLES",,555280,"T/C Área Técnico Profesional",
39768881,marie85isef@gmail.com,MARIELA,,CASTAGNET,ARBIZA,,555149,"T/C Área Técnico Profesional",
39915446,polka06@gmail.com,Raúl,Waldemar,Falero,Rodríguez,,555072,"T/C Área Ciencias Educación",
40072578,ignaciojcanedo@hotmail.com,IGNACIO,JOSE,CANEDO,FIERRO,,555041,Guardavidas,
40261810,natalybassini@hotmail.com,NATALY,,BASSINI,SILVA,,555455,"Depto de Ed. Física y Prácticas Corporales",
40934259,rogeliofiorenza@hotmail.com,Rogelio,,Fiorenza,Melgar,,555063,"T/C Área Ciencias Educación",
40975089,ivanxdx@hotmail.com,IVAN,RAMON,DUARTE,SANDE,,555305,"Equipo Apoyo Extensión",
40985731,ruben_comu@hotmail.com,Ruben,Nazario,Techeira,Sosa,,555215,"T/C Área Técnico Profesional",
41175404,lula7.com@gmail.com,LUCIA,,MATO,ALVES,,555278,"T/C Área Técnico Profesional",
41370878,veritomoy@hotmail.com,VERÓNICA,GABRIELA,MOYANO,POLCARO,,555180,"T/C Área Técnico Profesional",
41380796,fedemarquicio@gmail.com,Héctor,Federico,Marquicio,Varela,,555825,"T/C Área Ciencias Educación",
41494612,sanguisam@gmail.com,SANTIAGO,,GUIDO,SAMBRAN,,555128,"Unidad Apoyo Extensión",
42006531,natalia.maidana@gmail.com,Natalia,Paola,Maidana,Brizeiro,,555081,"T/C Área Ciencias Educación",
42052728,breadiego@hotmail.com,DIEGO,EMILIO,BREA,CUNHA,,555177,"T/C Área Técnico Profesional",
42052784,psijimenagarcia@gmail.com,Jimena,Isabel,García,Sansone,,555239,"T/C Área Ciencias Educación",
42231211,pbpepe@hotmail.com,Pablo,,Bueno,Perez,,555699,"T/C Área Técnico Profesional",
42235790,marianarecagno@gmail.com,MARIANA,,RECAGNO,LANDABURU,,555514,Dirección,
42289086,ignacioverrastro@gmail.com,IGNACIO,,VERRASTRO,"LARRE BORGES",,555204,"Unidad Apoyo Enseñanza",
42685298,tnvalentina@gmail.com,VALENTINA,,TORRE,NICOLINI,,555503,"Unidad Apoyo Enseñanza",
42778807,lic-marquez@live.com,Oscar,Manuel,Marquez,Silva,,555442,"Depto de Ed. Física y Deporte",
43007188,ceciliaverocai@gmail.com,CECILIA,VIVIAN,VEROCAI,MARGALL,,555425,"T/C Área Técnico Profesional",
43123895,leti_c72@hotmail.com,LETICIA,,CORVO,ADANO,,555358,"T/C Área Técnico Profesional",
43200429,jimepeti@gmail.com,JIMENA,,GONZALEZ,CORREA,,555277,"T/C Área Técnico Profesional",
43389540,fedeaioroz@gmail.com,FEDERICO,NICOLAS,TELLES,OLMEDO,,555348,Administración,
43542146,lbarcia@mec.gub.uy,MARIA,LAURA,BARCIA,RIVERA,,555178,T/Opcional,
43625116,martincaldeiro@gmail.com,Martín,Andres,Caldeiro,Branda,,555294,"T/C Área Técnico Profesional",
43694806,gonzaloberretta@gmail.com,Gonzalo,,Berretta,Galbarini,,555174,"T/C Área Técnico Profesional",
43763695,gianninarss@gmail.com,GIANNINA,RUTH,SILVA,SARACHO,,555424,"T/C Área Técnico Profesional",
43766528,algoasicomofranco@gmail.com,GIANFRANCO,,RUGGIANO,LOPEZ,,555339,"T/C Área Ciencias Educación",
44041347,n.altez_80@hotmail.com,NORA,LAURA,ALTEZ,CARBAJAL,,555206,"Área Técnico Adminatrativa",
44057996,mrodriguez@psico.edu.uy,MARIANA,,RODRIGUEZ,MARTINEZ,,555209,Dirección,
44059336,chovi26@gmail.com,GIOVANNA,,MARTINEZ,BUTTAZZONI,,555417,"T/C Área Técnico Profesional",
44199443,bastian72373@gmail.com,MARCO,SEBASTIAN,MORALES,FERNANDEZ,,555414,"Depto de Ed. Física y Deporte",
44620628,laguarda11@hotmail.com,MARIO,ANDRES,LAGUARDA,GELPES,,555201,"T/C Área Ciencias Educación",
44670247,deborahhdesouza@hotmail.com,DEBORAH,GISSEL,"DE SOUZA","DE LOS SANTOS",,555202,"Área Técnico Administrativa",
44780004,aquirogaleazzi@gmail.com,Andrea,,Quiroga,Galeazzi,,555225,"T/C Área Técnico Profesional",
44887264,dflucas@gmail.com,LUCAS,,D´AVENIA,FRAVEGA,,555360,"Unidad Apoyo Investigación",
44887521,macaelzaurdia@gmail.com,Macarena,,Elzaurdía,Díaz,,555437,"Centro Maldonado",
44950106,fedewd@gmail.com,FEDERICO,,WAINSTEIN,DIANA,,555494,Dirección,
45063449,dmt82@gmail.com,DIEGO,MAURICIO,TOLOSA,PARRA,,555517,"Centro Montevideo",
45477151,agerard1985@gmail.com,ANDRES,,GERARD,FERRARO,,555100,"T/C Área Técnico Profesional",
45545037,victoriahernandez.dg@gmail.com,MARIA,VICTORIA,HERNANDEZ,CARBAJAL,,555429,"Unidad de Comunicaciones",
45932955,marig216@hotmail.com,ANGELA,MARIANA,GOMEZ,GARCIA,,555219,"T/C Área Ciencias Biológicas",
46074011,tamaparadalarreborges@gmail.com,TAMARA,,PARADA,"LARRE BORGES",,555363,"Nivel Nacional",
46148929,golivera@psico.edu.uy,ALVARO,GUZMAN,OLIVERA,FERVENZA,,555502,Dirección,
46569256,scevola.luciano@gmail.com,Luciano,Bruno,Scévola,Escobar,,555218,"T/C Área Ciencias Educación",
46739273,mari.rodriguezdp@gmail.com,MARIANA,,RODRIGUEZ,"DI PIERRO",,555251,"Área Técnico Adminatrativa",
46918788,lulansa@hotmail.com,LUCIA,,SANTOS,COSTA,,555381,"T/C Área Técnico Profesional",
47002790,profesantigb1691@hotmail.com,SANTIAGO,,GONZALEZ,BARRIOS,,555489,"Centro Montevideo",
47003330,cjpiriz1985@gmail.com,SANDRA,CRISTINA,JORGES,PIRIZ,,555271,Administración,
47120405,anidaco@gmail.com,Andres,Nicolas,"Da Silveira",Consul,,555470,"Depto de Ed. Física y Prácticas Corporales",
47208221,mariadarrigol@hotmail.com,MARIA,ELENA,DARRIGOL,LECUONA,,555275,"T/C Área Ciencias Educación",
47278426,luciasanguinetti4187@hotmail.com,LUCIA,,SANGUINETTI,CORREA,,555512,"Centro Maldonado",
47583384,ma.sanabria@outlook.com,MARIA,ANALIA,SANABRIA,CANCLINI,,555513,"Centro Paysandú",
47648425,aliciazerboni@yahoo.com.ar,ALICIA,,ZERBONI,,,555335,"T/C Área Técnico Profesional",
47671040,mupp_20@hotmail.com,MARIA,VICTORIA,PEREZ,PAZ,,555488,"Centro Montevideo",
47911468,carladepolsi@gmail.com,CARLA,,"DE POLSI",ASTAPENCO,,555892,T/Opcional,
48044268,camilo.rios90@gmail.com,CAMILO,,RIOS,BOLIOLI,,555268,"Centro Montevideo",
48435182,lucia.gandini.perez@gmail.com,LUCÍA,,GANDINI,PÉREZ,,555237,Biblioteca,
48835657,camibentos@gmail.com,CAMILA,,BENTOS,DÍAZ,,555194,Biblioteca,
49633991,alitauy@adinet.com.uy,ALEJANDRA,CRISTINA,RODRIGUEZ,AGUIRRE,,555420,"T/C Área Ciencias Educación",
52050427,acuevasp17@gmail.com,ADALBERTO,,CUEVAS,PALACIOS,,555365,"T/C Área Ciencias Biológicas",
53899739,josmanu3@gmail.com,JOSE,MANUEL,ALVAREZ,SEARA,,555252,"Centro Montevideo",
55485615,luciastefanelli@hotmail.fr,MARÍA,LUCÍA,STEFANELLI,GONÇALVES,,555214,Dirección,
58181757,lic.manuelhh@hotmail.com,MANUEL,,HERNANDEZ,HERNANDEZ,,555267,"T/C Área Técnico Profesional",
61604405,abonezi@gmail.com,ARTUR,,BONEZI,"DOS SANTOS",,555285,"T/C Área Ciencias Educación",
61844865,olivares.pedro@gmail.com,PEDRO,RUFINO,OLIVARES,"SANCHEZ TOLEDO",,555431,"Depto de Ed. Física y Salud",
126324534,universidad.fisiologia@yahoo.com,Cesar,Augusto,Corvos,Hidalgo,,555471,"Depto de Ed. Física y Salud",
2083260601,camii.ribeiro@hotmail.com,Camila,,"Da Silva",Ribeiro,,555482,"Depto de Ed. Física y Prácticas Corporales",
9071667341,jahnecka2@gmail.com,LUCIANO,,JAHNECKA,,,555430,"Nivel Nacional",
